id,title,label,type,capacity,modcountry,chronogrp,wikipedia,youtube,extmajor,extminor,arenamajor,arenaminor,latitude,longitude,elevation
"duraEuroposAmphitheater","Amphitheater at Dura Europos","Dura","amphitheater",1000,"Syria","Severan",,,50,44,31,25,34.749855,40.728926,223
"arlesAmphitheater","Amphitheater at Arles","Arles","amphitheater",20000,"France","Flavian","http://en.wikipedia.org/wiki/Arles_Amphitheatre","https://www.youtube.com/watch?v=oCz-76hb1LU",136,107,47,32,43.677778,4.631111,21
"lyonAmphitheater","Amphitheater at Lyon","Lyon","amphitheater",20000,"France","Second Century","http://en.wikipedia.org/wiki/Amphitheatre_of_the_Three_Gauls",,105,,67.6,42,45.770556,4.830556,206
"ludusMagnusArena","Ludus Magnus Arena","Ludus Magnus","practice-arena",,"Italy","Imperial","http://en.wikipedia.org/wiki/Ludus_Magnus",,,,,,41.88995,12.494913,22
"romeFlavianAmphitheater","Flavian Amphitheater at Rome","Colosseum","amphitheater",50000,"Italy","Flavian","http://en.wikipedia.org/wiki/Colosseum","https://www.youtube.com/watch?v=kxwenPo1grc",189,156,83,48,41.890169,12.492269,22
"romeAmphitheatrumCastrense","Amphitheatrum Castrense (Rome)","Amph. Castrense","amphitheater",7000,"Italy","Severan","http://en.wikipedia.org/wiki/Amphitheatrum_Castrense",,88,75.8,,,41.887715,12.515144,48
"eleutheropolisAmphitheater","Amphitheater at Eleutheropolis","Eleutheropolis","amphitheater",3500,"Israel","Second Century",,"https://www.youtube.com/watch?v=bA6YNf8ZwlI",71,56,47,38,31.608189,34.893845,253
"pompeiiAmphitheater","Amphitheater at Pompeii","Pompeii","amphitheater",22000,"Italy","Republican","http://en.wikipedia.org/wiki/Amphitheatre_of_Pompeii","https://www.youtube.com/watch?v=bqf4bJyo3rU",135,104,66,35,40.751213,14.495262,21
"meridaAmphitheater","Amphitheater at Mérida","Mérida","amphitheater",15000,"Spain","Julio-Claudian","http://en.wikipedia.org/wiki/Mérida_amphitheatre","https://www.youtube.com/watch?v=g4gNhPD2dV4",126,102,64,41,38.916168,-6.337952,231
"newsteadAmphitheater","Amphitheater at Newstead","Newstead","amphitheater",1500,"United Kingdom","Flavian",,,70,60,37,23,55.6026,-2.6919,83
"conimbrigaAmphitheater","Amphitheater at Conimbriga","Conimbriga","amphitheater",4000,"Portugal","Julio-Claudian",,,94,80,54,40,40.099444,-8.49333,100
"cumaeAmphitheater","Amphitheater at Cumae","Cumae","amphitheater",,"Italy","Republican",,,114,84,,,40.841847,14.056,19
"pozzuoliFlavianAmphitheater","Flavian Amphitheater at Pozzuoli","Pozzuoli (Flavian)","amphitheater",35700,"Italy","Flavian","http://en.wikipedia.org/wiki/Flavian_Amphitheater_(Pozzuoli)","https://www.youtube.com/watch?v=VCCD-YeNQKk",149,116,74.8,42,40.825929,14.125315,41
"pozzuoliEarlyAmphitheater","Early Amphitheater at Pozzuoli","Pozzuoli (Early)","amphitheater",,"Italy","Republican",,,,,,,40.826239,14.127615,58
"syracuseAmphitheater","Amphitheater at Syracuse","Syracuse","amphitheater",28773,"Italy","Julio-Claudian","http://it.wikipedia.org/wiki/Anfiteatro_romano_di_Siracusa","https://www.youtube.com/watch?v=aUcjHzMZCeY",146.8,118.7,69.8,39.7,37.074132,15.278934,23
"carthageAmphitheater","Amphitheater at Carthage","Carthage","amphitheater",30000,"Tunisia","Second Century","http://en.wikipedia.org/wiki/Carthage_amphitheatre","https://www.youtube.com/watch?v=oDiCqZCu06I",120,93,64,36,36.856078,10.314924,14
"hadrianVillaAmphitheater","Amphitheater at Hadrian's Villa at Tivoli","Tivoli Villa","amphitheater",,"Italy","Hadrianic",,,,,,,41.941708,12.778929,99
"corinthAmphitheater","Amphitheater at Corinth","Corinth","amphitheater",14000,"Greece","Caesarean",,,98,70,58,30,37.909629,22.892126,98
"marcianopolisAmphitheater","Amphitheater at Marcianopolis (Devnya)","Marcianopolis","amphitheater",4000,"Bulgaria","Severan",,,70,60,50,40,43.218689,27.556674,120
"porolissumAmphitheater","Amphitheater at Porolissum","Porolissum","amphitheater",,"Romania","Second Century",,,84,75,64,52,47.177552,23.154052,441
"nijmegenAmphitheater","Amphitheater at Nijmegen","Nijmegen","amphitheater",,"Netherlands","Imperial",,,,,,,51.838523,5.878859,46
"carnuntumMilitaryAmphitheater","Military Amphitheater at Carnuntum","Carnuntum (Mil.)","amphitheater",8000,"Austria","First Century",,,99.5,81.5,71,43,48.126824,16.892619,164
"carnuntumLudus","Ludus at Carnuntum","Carnuntum Ludus","practice-arena",,"Austria","Imperial",,"https://www.youtube.com/watch?v=aJFH3TCVzTk",,,,,48.109807,16.848689,185
"carnuntumCivilianAmphitheater","Civilian Amphitheater at Carnuntum","Carnuntum (Civ.)","amphitheater",13000,"Austria","Second Century",,"https://www.youtube.com/watch?v=Z5TcbJdyEns",129,113,66,50,48.110019,16.850943,185
"leptisMagnaAmphitheater","Amphitheater at Leptis Magna","Leptis Magna","amphitheater",16000,"Libya","Neronian",,,121,111,57,47,32.63234,14.309452,18
"empuriesAmphitheater","Amphitheater at Empuries","Empuries","amphitheater",3343,"Spain","First Century",,,86,54,71,42,42.130042,3.117431,27
"tarragonaAmphitheater","Amphitheater at Tarragona","Tarragona","amphitheater",15000,"Spain","Second Century",,"https://www.youtube.com/watch?v=Z-1Qrk5qLAE",95,69.5,62,39,41.114522,1.25878,13
"cagliariAmphitheater","Amphitheater at Cagliari","Cagliari","amphitheater",12283,"Italy","Second Century","http://en.wikipedia.org/wiki/Roman_Amphitheatre_of_Cagliari",,92.8,79.2,46.8,33.2,39.223908,9.113228,60
"italicaAmphitheater","Amphitheater at Italica","Italica","amphitheater",25000,"Spain","Second Century",,,160,136,70,44,37.443893,-6.046742,17
"segobrigaAmphitheater","Amphitheater at Segobriga","Segobria","amphitheater",7500,"Spain","Flavian",,,75,64,47,31,39.886018,-2.813944,817
"catiniaAmphitheater","Amphitheater at Catinia","Catinia","amphitheater",16000,"Italy","Imperial",,,90,70,52,38,37.507096,15.085323,31
"paestumAmphitheater","Amphitheater at Paestum","Paestum","amphitheater",4500,"Italy","Republican",,,79,59,56,35,40.422354,15.006449,18
"lunaAmphitheater","Amphitheater at Luna","Luna","amphitheater",,"Italy","Imperial",,,87,71,52,34.5,44.062656,10.022386,4
"casinumAmphitheater","Amphitheater at Casinum","Casinum","amphitheater",,"Italy","Imperial",,,,,,,41.482933,13.823575,73
"viminaciumAmphitheater","Amphitheater at Viminacium","Viminacium","amphitheater",12000,"Serbia","Second Century",,,85,,,,44.737985,21.220083,72
"flaviaSolvaAmphitheater","Amphitheater at Flavia Solva","Flavia Solva","amphitheater",2729,"Austria","Imperial",,,,,,,46.76715349,15.5657773,266
"rusellaeAmphitheater","Amphitheater at Rusellae","Rusellae","amphitheater",2309,"Italy","Julio-Claudian","http://it.wikipedia.org/wiki/Anfiteatro_romano_di_Roselle",,38,27,30,20,42.828405,11.159132,165
"parisAmphitheater","Amphitheater at Paris","Paris","gallo-roman-amphitheater",15000,"France","Flavian","http://en.wikipedia.org/wiki/Arènes_de_Lutèce","https://www.youtube.com/watch?v=DStHFfxd_qo",,,,,48.845097,2.352855,46
"octodurusForumClaudiiVallensiumAmphitheater","Amphitheater at Octodurus/Forum Claudii Vallensium","Octodorus","amphitheater",15550,"Switzerland","Imperial",,,118,106,74,62,46.094356,7.073493,480
"cyreneAmphitheater","Amphitheater at Cyrene","Cyrene","amphitheater",,"Libya","Imperial",,,,,32.7,28.8,32.824526,21.850808,550
"libarnaAmphitheater","Amphitheater at Libarna","Libarna","amphitheater",5380,"Italy","Imperial",,,88,58.7,66,36.6,44.706013,8.867967,225
"luceriaNoukeriaAmphitheater","Amphitheater at Luceria/Noukeria (Apoulon)","Luceria","amphitheater",17149,"Italy","Augustan",,,126.8,94.5,72.2,43.2,41.508249,15.344984,196
"avellaAmphitheater","Amphitheater at Abella","Abella","amphitheater",,"Italy","Republican",,,108,70,62.5,35,40.961526,14.608415,224
"nimesAmphitheater","Amphitheater at Nimes","Nimes","amphitheater",24000,"France","Flavian",,"https://www.youtube.com/watch?v=c384XQlnINo",133.4,101.4,69.1,38.4,43.834876,4.359599,50
"charterhouseAmphitheater","Amphitheater at Charterhouse","Charterhouse","amphitheater",2179,"United Kingdom","Imperial",,,50,39,35,24,51.305437,-2.720301,296
"chesterAmphitheater","Amphitheater at Chester","Chester","amphitheater",,"United Kingdom","Imperial",,,95.5,86.6,56.7,48.3,53.189079,-2.886928,23
"gennesAmphitheater","Amphitheater at Gennes","Gennes","gallo-roman-amphitheater",5000,"France","Second Century",,,,,,,47.3352194,-0.2386057,47
"scythopolisNysaAmphitheater","Amphitheater at Scythopolis/Nysa","Scythopolis","amphitheater-in-hippodrome",,"Israel","Imperial",,,,,,,32.498395,35.501631,-121
"scylletiumScolaciumAmphitheater","Amphitheater at Scylletium/Scolacium","Scylletium","amphitheater",,"Italy","First Century",,,88,64,,,38.80688779,16.59232919,44
"bordeauxAmphitheater","Amphitheater at Bordeaux","Bordeaux","amphitheater",22130,"France","Second Century",,,132.3,110.6,69.8,46.7,44.847382,-0.582476,17
"oudnaAmphitheater","Amphitheater at Oudna","Uthina","amphitheater",11832,"Tunisia","Second Century",,,96,81,52.5,37.5,36.608597,10.169215,112
"carthagoNovaAmphitheater","Amphitheater at Carthago Nova/Col. Urbs Iulia","Carthago Nova","amphitheater",,"Spain","Imperial",,,,,,,37.600645499,-0.9801609,23
"virunumAmphitheater","Amphitheater at Virunum","Virunum","amphitheater",,"Austria","Imperial",,,96,42,,,46.697877699,14.366995899,479
"carsulaeAmphitheater","Amphitheater at Carsulae","Carsulae","amphitheater",5945,"Italy","Imperial",,,86.5,62,62.1,37.6,42.639468,12.559172,438
"florenceAmphitheater","Amphitheater at Florence","Florence","amphitheater",,"Italy","Imperial",,,,,,,43.7687303,11.2595198,47
"ocriculumAmphitheater","Amphitheater at Ocriculum","Ocriculcum","amphitheater",17812,"Italy","Imperial",,,120,98,64,42,42.4115648,12.467190499,86
"lixusAmphitheater","Amphitheater at Lixus","Lixus","amphitheater",,"Morocco","Imperial",,,,,,,35.19990039,-6.1084683,52
"arezzoAmphitheater","Amphitheater at Arezzo","Arezzo","amphitheater",8000,"Italy","Flavian",,,109.4,80,71.9,42.7,43.460491,11.88037,263
"larinumAmphitheater","Amphitheater at Larinum","Larinum","amphitheater",,"Italy","Imperial",,,98,86,57,40,41.8058428,14.9159226,406
"ferentoAmphitheater","Amphitheater at Ferento","Ferento","amphitheater",,"Italy","Republican",,,68,40,,,42.129831,12.594868,52
"allifaeAmphitheater","Amphitheater at Allifae","Allifae","amphitheater",,"Italy","Imperial",,,107,84,72,48,41.325601,14.334997,106
"cimiezAmphitheater","Amphitheater at Cimiéz","Cimiez","amphitheater",4245,"France","Julio-Claudian",,,55,44,,,43.71967279,7.2752435,112
"hydataHypsitanaForumTraianiAmphitheatre","Amphitheater at Hydata Hypsitana/Forum Traiani","Forum Traiani","amphitheater",,"Italy","Imperial",,,,,,,39.993171,8.804698,49
"luccaAmphitheater","Amphitheater at Lucca","Lucca","amphitheater",,"Italy","Imperial",,,,,,,43.8455202,10.505772199,19
"hispellumAmphitheatre","Amphitheater at Spello","Spello","amphitheater",,"Italy","Imperial",,,,,,,42.9957909,12.6662021,211
"veronaAmphitheatre","Amphitheater at Verona","Verona","amphitheater",30000,"Italy","Julio-Claudian","https://en.wikipedia.org/wiki/Verona_Arena","https://www.youtube.com/watch?v=CJoS5abKuYc",152.43,123.42,75.68,44.43,45.43904,10.99435,62
"aquincumCivilAmphitheater","Civil Amphitheater at Budapest","Aquincum (Civilian)","amphitheater",,"Hungary","Imperial","http://en.wikipedia.org/wiki/Aquincum_Civil_Amphitheatre",,86.5,75.5,51,42,47.567577,19.047985,105
"aquincumMilitaryAmphitheater","Military Amphitheater at Budapest","Aquincum (Military)","amphitheater",,"Hungary","Imperial","http://en.wikipedia.org/wiki/Aquincum_Military_Amphitheatre",,131,107,88,42,47.532947,19.03906599,101
"aldburoughAmphitheater","Amphitheater at Aldborough","Aldburough","amphitheater",,"United Kingdom","Imperial",,,,,,,54.0881157,-1.3796295999,41
"perigueuxAmphitheatre","Amphitheater at Perigueux","Perigeux","amphitheater",,"France","Imperial",,,131,113,,,45.18274,0.713249,97
"cividateCamunoAmphitheater","Amphitheater at Cividate Camuno","Cividate Camuno","amphitheater",,"Italy","Imperial",,,,,,,45.94381289,10.280644,283
"grumentoAmphitheater","Amphitheater at Grumento","Grumento","amphitheater",7657,"Italy","Imperial",,,90,70,60,40,40.2876404,15.9115794,579
"albaFucensAmphitheater","Amphitheater at Alba Fucens","Alba Fucens","amphitheater",10720,"Italy","Julio-Claudian",,,103,76,64,37,42.0772,13.412289,977
"colAugustaRauricaAmphitheatre","Amphitheater at Col. Augusta Raurica","Aug. Raurica","amphitheater",14313,"Switzerland","Severan",,,102,87,48,33,47.529294,7.72061,285
"sutriumAmphitheatre","Amphitheater at Sutrium","Sutrium","amphitheater",8500,"Italy","Republican",,"https://www.youtube.com/watch?v=OgHl5MT95bg",,,,,42.2393124,12.2293009,271
"sarmizegetusaAmphitheatre","Amphitheater at Ulpia Traiana Sarmizegetusa","Sarmizegetusa","amphitheater",,"Romania","Second Century",,,88,69,66,47,45.51667729,22.785320599,491
"salonaAmphitheatre","Amphitheater at Salona","Salona","amphitheater",13380,"Croatia","Second Century",,,124.75,100.65,64.3,40.2,43.5381718,16.473893,8
"londonAmphitheatre","Amphitheater at London","London","amphitheater",6500,"United Kingdom","Flavian",,"https://www.youtube.com/watch?v=qvw9xA-hTz8",100,85,60,40,51.515522,-0.092136,29
"tiburAmphitheater","Amphitheater at Tibur","Tibur","amphitheater",,"Italy","Imperial",,,,,,,41.960571,12.798114,248
"caerleonAmphitheater","Amphitheater at Caerleon","Caerleon","amphitheater",6000,"United Kingdom","Imperial",,"https://www.youtube.com/watch?v=VIT1JAOadho",80,66,55,41,51.6080589,-2.956878,13
"telesiaAmphitheatre","Amphitheater at Telesia","Telesia","amphitheater",9000,"Italy","Republican",,,112,,,,41.223911,14.500496,68
"urbisagliaAmphitheater","Amphitheater at Urbs Salvia","Urbs Salvia","amphitheater",5150,"Italy","Flavian",,,98,71,59,35,43.200877,13.387224,219
"saintesAmphitheatre","Amphitheater at Saintes","Saintes","amphitheater",20197,"France","Imperial",,"https://www.youtube.com/watch?v=2TCI21s-bxM",126.4,101.6,65.2,39.2,45.7453926,-0.6433512,20
"assisiAmphitheatre","Amphitheater at Assisi","Assisi","amphitheater",,"Italy","Imperial",,"https://www.youtube.com/watch?v=uLSmRRxtf4M",,,65,38,43.071077,12.620454,445
"durresAmphitheatre","Amphitheater at Durrës","Durrës","amphitheater",20000,"Albania","Second Century","http://en.wikipedia.org/wiki/Durrës_Amphitheatre","https://www.youtube.com/watch?v=Ot-KIRo5puc",132.4,113.2,61.4,42.2,41.312241,19.445131,15
"lambaesisAmphitheater","Amphitheater at Lambaesis","Lambaesis","amphitheater",15400,"Algeria","Second Century",,,104.6,94,68,55,35.4892469,6.2599349,1170
"mactarisAmphitheater","Amphitheater at Mactaris","Mactaris","amphitheater",5000,"Tunisia","Imperial",,,63.2,49.6,38.4,24.8,35.8556279,9.2066727,911
"cirencesterAmphitheater","Amphitheater at Cirencester","Cirencester","amphitheater",,"United Kingdom","Imperial",,"https://www.youtube.com/watch?v=9RFDium7TYU",,,,,51.71151,-1.972188,119
"vindonissaAmphitheater","Amphitheater at Vindonissa","Vindonissa","amphitheater",15142,"Switzerland","Flavian",,,112,98,64,51,47.47629,8.213605,361
"thysdrusSmallAmphitheater","Small Amphitheater at Thysdrus","Thysdrus (Sm.)","amphitheater",9000,"Tunisia","Second Century",,"https://www.youtube.com/watch?v=bDDyEMg34Os",92,72,60,40,35.290106,10.707911,116
"thysdrusAmphitheater","Amphitheater at Thysdrus","Thysdrus (lg.)","amphitheater",35000,"Tunisia","Post-Severan",,"https://www.youtube.com/watch?v=bDDyEMg34Os",148,122,65,39,35.29639,10.706939,111
"frejusAmphitheater","Amphitheater Fréjus","Fréjus","amphitheater",12000,"France","Flavian",,,113.7,85.7,67.7,39.7,43.43446,6.72871,12
"gortynAmphitheater","Amphitheater at Gortyn","Gortyn","amphitheater",,"Greece","Second Century",,,,,,,35.056454,24.953076,150
"leptiminusAmphitheater","Amphitheater at Leptiminus","Leptiminus","amphitheater",9000,"Tunisia","Second Century",,,81,62,45,26,35.678077,10.866282,9
"miciaAmphitheater","Amphitheater at Micia","Micia","amphitheater",1500,"Romania","Imperial",,,56,37,44,26,45.915008,22.81731,183
"gemellaeAmphitheater","Amphitheater at Gemellae","Gemellae","amphitheater",3204,"Algeria","Second Century",,,72,52,52,32,34.636598,5.522904,83
"cherchellAmphitheater","Amphitheater at Cherchell","Cherchel","amphitheater",,"Algeria","Augustan",,,145,78,98,37,36.60878,2.198958,29
"pulaAmphitheater","Amphitheater at Pula","Pula","amphitheater",26000,"Croatia","Julio-Claudian","http://en.wikipedia.org/wiki/Pula_Arena","https://www.youtube.com/watch?v=hqTud5XxI_s",132.45,105.1,67.95,41.65,44.873229,13.850243,16
"carmonaAmphitheater","Amphitheater at Carmona","Carmona","amphitheater",8000,"Spain","Julius Caesar",,,,,,,37.469674,-5.650907,223
"caesareaAmphitheater","Amphitheater at Caesarea","Caesarea","amphitheater",,"Israel","Second Century",,,134,77,101,44,32.506473,34.897451,11
"pergamumAmphitheater","Amphitheater at Pergamum","Pergamum","amphitheater",23016,"Turkey","Second Century",,,136.2,107.4,53,37,39.125751,27.174177,100
"anazarbusAmphitheater","Amphitheater at Anazarbus","Anazarbus","amphitheater",,"Turkey","Imperial",,,109,80,60,43,37.244094,35.894673,42
"antiochAmphitheater","Amphitheater at Antioch","Antioch","amphitheater",,"Turkey","Republican",,,,,,,36.202624,36.160437,89
"cyzicusAmphitheater","Amphitheater at Cyzicus","Cyzicus","amphitheater",,"Turkey","Imperial",,,150,100,,,40.398213,27.884552,54
"sabrathaAmphitheater","Amphitheater at Sabratha","Sabratha","amphitheater",20700,"Libya","Second Century",,,115,99,65,49,32.803879,12.49404,11
"salamisAmphitheater","Amphitheater at Salamis","Salamis","amphitheater",,"Northern Cyprus","Imperial",,,,,,,35.185517,33.902435,6
"paphosAmphitheater","Amphitheater at Paphos","Paphos","amphitheater",,"Cyprus","Imperial",,,,,,,34.754942,32.405344,6
"carmarthenAmphitheater","Amphitheater at Carmarthen","Carmarthen","amphitheater",,"United Kingdom","Flavian",,,,,,,51.862005,-4.296651,29
"caerwentAmphitheater","Amphitheater at Caerwent","Caerwent","amphitheater",,"United Kingdom","Imperial",,,63,53,44,35,51.612173,-2.766307,25
"tomen-y-murAmphitheater","Amphitheater at Tomen y Mur","Tomen y Mur","amphitheater",2772,"United Kingdom","Imperial",,,52,46,35,28,52.931893,-3.9235,295
"thaenaeAmphitheater","Amphitheater at Thaenae","Thaenae","amphitheater",8700,"Tunisia","Republican",,,90,61,62,33,34.655481,10.673126,7
"sbeitlaAmphitheater","Amphitheater at Sbeitla","Sbeitla","amphitheater",6500,"Tunisia","Second Century",,,72,60,47,37,35.243617,9.114582,556
"thevesteAmphitheater","Amphitheater at Theveste","Theveste","amphitheater",9400,"Algeria","Flavian",,,83,70,52.8,39.5,35.401171,8.123809,877
"trierAmphitheater","Amphitheater at Trier","Trier","amphitheater",20000,"Germany","Second Century",,"https://www.youtube.com/watch?v=WYOvPyCntiY",100,79,70.54,48.92,49.748052,6.649088,168
"susaAmphitheater","Amphitheater at Susa","Susa","amphitheater",3015,"Italy","Imperial",,,60,52,44,36,45.133185,7.04497,546
"ivreaAmphitheater","Amphitheater at Ivrea","Ivrea","amphitheater",8046,"Italy","Imperial",,,96,72,67,42,45.467767,7.887734,240
"bararusAmphitheater","Amphitheater at Bararus","Bararus","amphitheater",12000,"Tunisia","Severan",,,98,73.5,63.75,37.5,35.211828,10.791226,68
"castraAlbanaAmphitheater","Amphitheater at Castra Albana","Albana","amphitheater",20000,"Italy","Severan",,,116.5,94,67.5,45,41.732637,12.66501,454
"sophiaAmphitheater","Amphitheater at Sophia","Sophia","amphitheater",20000,"Bulgaria","Post-Severan",,,,,60.5,43,42.697178,23.32865,554
"ptolemaisAmphitheater","Amphitheater at Ptolemais","Ptolemais","amphitheater",10878,"Libya","Imperial",,,89,86,47.5,44.5,32.707953,20.945728,12
"toulouseAmphitheater","Amphitheater at Toulouse","Toulouse","amphitheater",,"France","Imperial",,,111,101,59,49,43.614808,1.397664,149
"caparraAmphitheater","Amphitheater at Caparra","Caparra","amphitheater",,"Spain","Imperial",,,,,30,19,40.164159,-6.100049,405
"cordobaAmphitheater","Amphitheater at Cordoba","Cordoba","amphitheater",,"Spain","First Century",,,,,,,37.884183,-4.788888,125
"lillebonnAmphitheater","Amphitheater at Lillebonne","Lillebonne","amphitheater",7245,"France","First Century",,,78,75,48,45,49.517759,0.536724,19
"besanconAmphitheater","Amphitheater at Besançon","Besançon","amphitheater",,"France","Second Century",,,,,,,47.239027,6.015942,246
"limogesAmphitheater","Amphitheater at Limoges","Limoges","amphitheater",,"France","Second Century",,,,,,,45.830474,1.251841,304
"poitiersAmphitheater","Amphitheater at Poitiers","Poitiers","amphitheater",,"France","Imperial",,,108,88,,,46.57815,0.339589,119
"reimsAmphitheater","Amphitheater at Reims","Reims","amphitheater",,"France","Imperial",,,,,,,49.261265,4.018775,80
"rodezAmphitheater","Amphitheater at Rodez","Rodez","amphitheater",15000,"France","Imperial",,,,,,,44.353698,2.571162,611
"milanAmphitheater","Amphitheater at Milan","Milan","amphitheater",31649,"Italy","First Century",,,155,125,74,44,45.456898,9.178518,116
"aquileiaAmphitheater","Amphitheater at Aquileia","Aquileia","amphitheater",,"Italy","Imperial",,,,,,,45.768239,13.370713,2
"paduaAmphitheater","Amphitheater at Padua","Padua","amphitheater",,"Italy","Julio-Claudian",,,102.5,65.5,76.4,39.5,45.411483,11.879039,17
"lecceAmphitheater","Amphitheater at Lecce","Lecce","amphitheater",25000,"Italy","Imperial","http://it.wikipedia.org/wiki/Anfiteatro_romano_di_Lecce",,101.9,83,53.1,34.2,40.352463,18.172733,51
"terminiImereseAmphitheater","Amphitheater at Termini Imerese","Termini","amphitheater",,"Italy","Flavian",,,98,75,53,30,37.983696,13.695186,76
"sanBenedettoDeiMarsiAmphitheater","Amphitheater at San Benedetto dei Marsi","San Benedetto","amphitheater",,"Italy","Imperial",,,101,,,,42.006504,13.627505,683
"monteleoneAmphitheater","Amphitheater at Monteleone","Monteleone","amphitheater",,"Italy","Imperial",,,,,,,42.228444,12.867528,495
"bolsenaAmphitheater","Amphitheater at Bolsena","Bolsena","amphitheater",,"Italy","Flavian",,,,,,,42.650243,11.990158,417
"anconaAmphitheater","Amphitheater at Ancona","Ancona","amphitheater",14168,"Italy","Julio-Claudian",,,111,97,67,53,43.624604,13.511791,54
"ascoliPicenoAmphitheater","Amphitheater at Ascoli Picenum","Ascoli","amphitheater",,"Italy","Imperial",,,148,125,,,42.855655,13.570767,157
"beneventoAmphitheater","Amphitheater at Benevento","Benevento","amphitheater",,"Italy","Republican",,,,,,,41.130009,14.781523,166
"calviRisortaAmphitheater","Amphitheater at Calvi Risorta","Calvi Risorto","amphitheater",,"Italy","Republican",,,,,,,41.202429,14.137993,89
"sanVittorinoAmphitheater","Amphitheater at San Vittorino","San Vittorino","amphitheater",20000,"Italy","First Century",,,90,68,64,42,42.400531,13.306027,672
"beziersAmphitheater","Amphitheater at Béziers","Béziers","amphitheater",,"France","Imperial",,,,,,,43.339589,3.214026,56
"agenAmphitheater","Amphitheater at Agen","Agen","amphitheater",15000,"France","Imperial",,,,,,,44.206545,0.622122,52
"narbonneAmphitheater","Amphitheater at Narbonne","Narbonne","amphitheater",,"France","Flavian",,,121.6,93.2,75,46.6,43.184873,3.010181,14
"amiensAmphitheater","Amphitheater at Amiens","Amiens","amphitheater",15000,"France","Second Century",,,,,,,49.8944,2.293485,32
"meauxAmphitheater","Amphitheater at Meaux","Meaux","amphitheater",,"France","Imperial",,,,,,,48.970006,2.883491,50
"chartresAmphitheater","Amphitheater at Chartres","Chartres","amphitheater",,"France","Imperial",,,,,,,48.450069,1.48926,140
"senlisAmphitheater","Amphitheater at Senlis","Senlis","amphitheater",,"France","First Century","http://fr.wikipedia.org/wiki/Arènes_de_Senlis",,90,83,41.5,34.45,49.205169,2.575376,64
"toursAmphitheater","Amphitheater at Tours","Tours","amphitheater",34000,"France","Hadrianic","http://fr.wikipedia.org/wiki/Amphithéâtre_de_Tours",,156,134,68,50,47.395342,0.696233,59
"caistorStEdmundAmphitheater","Amphitheater at Caistor Saint Edmund","Caistor St. Edmund","amphitheater",,"United Kingdom","Imperial",,,,,,,52.579764,1.288445,7
"capuaRepublicanAmphitheater","Republican Amphitheater at Capua","Capua I","amphitheater",,"Italy","Republican",,,,,,,41.084593,14.250309,37
"capuaImperialAmphitheater","Imperial Amphitheater at Capua","Capua II","amphitheater",37000,"Italy","Flavian",,"https://www.youtube.com/watch?v=8q86tToFDwI",165,135,76.12,45.83,41.085935,14.250089,34
"liternoAmphitheater","Amphitheater at Literno","Literno","amphitheater",,"Italy","Republican",,,,,,,40.920949,14.0304,9
"noleAmphitheater","Amphitheater at Nole","Nole","amphitheater",,"Italy","Republican",,,,,,,40.927702,14.52054,35
"silchesterAmphitheater","Amphitheater at Silchester","Silchester","amphitheater",7147,"United Kingdom","Second Century",,"https://www.youtube.com/watch?v=ScpzLOmZEXs",80,70,49,40,51.358881,-1.07547,91
"dorchesterAmphitheater","Amphitheater at Dorchester / Maumbury Henge","Maumbury","amphitheater",,"United Kingdom","First Century",,"https://www.youtube.com/watch?v=ScpzLOmZEXs",80,77,58,47,50.708044,-2.440246,78
"bragaAmphitheater","Amphitheater at Braga","Braga","amphitheater",,"Portugal","Imperial",,,,,,,41.546669,-8.430075,175
"sisapoAmphitheater","Amphitheater at Sisapo","Sisapo","amphitheater",,"Spain","Imperial",,,,,,,38.645833,-4.516667,659
"leonAmphitheater","Amphitheater at León","León","amphitheater",,"Spain","Imperial",,,,,,,42.598889,-5.566944,846
"autunAmphitheater","Amphitheater at Autun","Autun","amphitheater",,"France","Imperial",,,,,,,46.953003,4.310856,317
"xantenAmphitheater","Amphitheater at Xanten","Xanten","amphitheater",10000,"Germany","Imperial",,,96.5,87,58.5,49,51.667172,6.451386,21
"arnsburgAmphitheater","Amphitheater at Arnsburg","Arnsburg","amphitheater",,"Germany","Imperial",,,,,,,50.485657,8.787954,163
"ierapetraAmphitheater","Amphitheater at Ierapetra","Ierapetra","amphitheater",,"Greece","Imperial",,,,,,,35.011385,25.745132,4
"kunzingAmphitheater","Amphitheater at Künzing","Künzing","amphitheater",,"Germany","Imperial",,,,,,,48.667088,13.082821,308
"noceraSuperioreAmphitheater","Amphitheater at Nocera Superiore","Nocera","amphitheater",,"Italy","Imperial",,,125,102,58,34,40.74575,14.657022,50
"bobadelaAmphitheater","Amphitheater at Bobadela","Bobadela","amphitheater",,"Portugal","Imperial",,,,,,,40.361088,-7.893572,383
"sopronAmphitheater","Amphitheater at Sopron","Sopron","amphitheater",,"Hungary","Imperial",,,,,,,47.692813,16.589397,283
"nyonAmphitheater","Amphitheater at Nyon","Nyon","amphitheater",,"Switzerland","Imperial",,,,,,,46.383464,6.241301,391
"bernAmphitheater","Amphitheater at Bern","Bern","amphitheater",1946,"Switzerland","Imperial","https://commons.wikimedia.org/wiki/File:Engehalbinsel_Römertheater_von_oben.jpg",,42.6,38.5,27.6,23.5,46.975715,7.451179,547
"dambachAmphitheater","Amphitheater at “Dambach”","Dambach","oval-structure",,"Germany","Imperial",,,,,,,49.104033,10.58318,463
"burnumAmphitheater","Amphitheater at Burnum","Burnum","amphitheater",,"Croatia","Imperial",,,80,65,43,32,44.019098,16.018169,250
"gleisdorfAmphitheater","Amphitheater at Gleisdorf","Gleisdorf","amphitheater",,"Austria","Imperial",,,,,,,47.111055,15.707727,365
"skikdaAmphitheater","Amphitheater at Skikda","Skikda","amphitheater",8000,"Algeria","Imperial",,,77.3,58.8,57,38.5,36.876413,6.91383,38
"bostraAmphitheater","Amphitheater at Bosra","Bosra","amphitheater",,"Syria","Imperial",,,,,,,32.517923,36.479844,845
"palmyraAmphitheater","Possible Amphitheater at Palmyra","Palmyra","amphitheater",,"Syria","Imperial",,,,,,,34.553789,38.273763,408
"stMarcelAmphitheater","Amphitheater at Saint Marcel","St. Marcel","amphitheater",,"France","Imperial",,,,,,,46.601549,1.518328,150
"metzAmphitheater","Amphitheater at Metz","Metz","amphitheater",30000,"France","Late1stEarly2nd",,,148,125,,,49.107645,6.181932,171
"grandHalfAmphitheater","Half Amphitheater at Grand","Grand","gallo-roman-amphitheater",17000,"France","Third Century",,,179,,50,41,48.385217,5.49096,371
"albegnaAmphitheater","Amphitheater at Albegna","Albegna","amphitheater",,"Italy","Imperial",,,,,,,44.043708,8.21089894,34
"aquinoAmphitheater","Amphitheater at Aquino","Aquino","amphitheater",,"Italy","Imperial",,,115,96,55,36,41.49469,13.691338,111
"bourgesAmphitheater","Amphitheater at Bourges","Bourges","amphitheater",,"France","Imperial",,,108,70,,,47.084496,2.390815,133
"chassenonAmphitheater","Amphitheater at Chassenon","Chassenon","gallo-roman-amphitheater",,"France","Imperial",,,,,60,40,45.850749,0.768913,217
"drevantAmphitheater","Amphitheater at Drevant","Drevant","gallo-roman-amphitheater",,"France","Imperial",,,56,,25,,46.693079,2.522625,164
"seressiAmphitheater","Amphitheater at Seressi","Seressi","amphitheater",7200,"Tunisia","Second Century",,,76,65.2,51.5,40.7,36.16351,9.775766,471
"chemtouAmphitheater","Amphitheater at Chemtou","Chemtou","amphitheater",6500,"Tunisia","Second Century",,,61,52,30,21,36.490426,8.580552,171
"bekaltaAmphitheater","Amphitheater at Bekalta","Bekalta","amphitheater",4400,"Tunisia","Imperial",,,80,58,67,43,35.619149,11.042371,3
"sidiBouArkoubAmphitheater","Amphitheater at Sidi bou Arkoub","Sidi bou Arkoub","amphitheater",3200,"Tunisia","Imperial",,,56,38,38,22,36.310778,9.31926,277
"genzanoPrivateAmphitheater","Private Amphitheater at Genzano","Genzano","amphitheater",1300,"Italy","Second Century",,,61,40,,,41.69286,12.696433,370
"ainHedjahAmphitheater","Amphitheater at Ain Hedjah","Ain Hedjah","amphitheater",3000,"Tunisia","Second Century",,,57,42,43,28,36.391031,9.230632,412
"uticaAmphitheater","Amphitheater at Utica","Utica","amphitheater",17100,"Tunisia","Second Century",,,118,98,80,60,37.052472,10.057188,29
"tebourbaAmphitheater","Amphitheater at Thuburbo Minus","Thuburbo Minus","amphitheater",,"Tunisia","Second Century",,,,,,,36.827708,9.835436,43
"hencherElKasbatAmphitheater","Amphitheater at Henchir el Kasbat","Thuburbo Maius","amphitheater",7500,"Tunisia","Second Century",,,74,61,46,33,36.398153,9.905668,201
"espejoAmphitheater","Amphitheater at Espejo","Espejo","amphitheater",,"Spain","Caesarean",,,,,,,37.683989,-4.554198,352
"hencherZembraAmphitheater","Amphitheater at Henchir Zembra","Ulissipara","amphitheater",5400,"Tunisia","Second Century",,,69,53,48,32,35.958583,10.441193,21
"botriaAmphitheater","Amphitheater at Botria","Acholla","amphitheater",11600,"Tunisia","Second Century",,,90,86,58,54,35.075962,11.018944,2
"tipasaAmphitheater","Amphitheater at Tipasa","Tipasa","amphitheater",4398,"Algeria","Late Second Century",,,77,55,57,35,36.593152,2.445456,16
"bullaRegiaAmphitheater","Amphitheater at Bulla Regia","Bulla Regia","amphitheater",8300,"Tunisia","Late Second Century",,,75,66,34,30,36.564169,8.762598,227
"pupputAmphitheater","Amphitheater at Pupput","Pupput","amphitheater",,"Tunisia","Imperial",,,,,45,36,36.3929,10.5626,4
"siccaVeneriaAmphitheater","Amphitheater at Sicca Veneria","Sicca Veneria","amphitheater",11300,"Tunisia","Imperial",,,100,80,70,50,36.18536115302,8.715302,748
"thibariAmphitheater","Amphitheater at Thibari","Thibari","amphitheater",6300,"Tunisia","Imperial",,,61.2,51.5,30.8,21,36.504836,9.083712,282
"portusOvalStructure","Oval Structure at Portus","Portus Oval Structure","oval-structure",2000,"Italy","Second Century",,,,,,,41.781816,12.25809,2
"montbouyGallRomanAmphitheater","Gallo-Roman Amphitheater at Montbouy","Montbouy","gallo-roman-amphitheater",,"France","Imperial",,,,,48,31,47.87286,2.819017,122
"statiliusTaurusAmphitheater","Amphitheater of Statilius Taurus","Statilius Taurus","amphitheater",,"Italy","Augustan",,,,,,,41.899614,12.469869,22
"hisaryaAmphitheater","Amphitheater at Hisarya","Hisarya","amphitheater",,"Bulgaria","Imperial",,,,,,,42.500071,24.703104,362
"mesarafeltaAmphitheater","Amphitheater at Mesarfelta","Mesarfelta","amphitheater",,"Algeria","Second Century",,,,,,,35.036203,5.592835,271
"tigavaCastraAmphitheater","Amphitheater at Tigava Castra","Tigava Castra","amphitheater",2300,"Algeria","Second Century",,,56,37,44,26,36.23195,1.651389,151
"carpisAmphitheater","Amphitheater at Carpis","Carpis","amphitheater",,"Tunisia","Imperial",,,,,,,36.760727,10.557673,29
"altinumAmphitheater","Amphitheater at Altinum","Altinum","amphitheater",,"Italy","Imperial",,,143,103,80,58,45.548996,12.399911,1
"augustaBagiennorumAmphitheater","Amphitheater at Augusta Benniorum","Augusta Bagiennorum","amphitheater",,"Italy","Julio-Claudian",,,104,78,,,44.556438,7.85031,340
"aostaAmphitheater","Amphitheater at Aosta","Aosta","amphitheater",,"Italy","Julio-Claudian",,,150,115,,,45.740914,7.323481,595
"faleriiNoviAmphitheater","Amphitheater at Falerii Novi","Falerii Novi","amphitheater",7986,"Italy","Augustan",,,88,66.4,54.3,32.7,42.302681,12.361043,198
"riminiAmphitheater","Amphitheater at Rimini","Rimini","amphitheater",13967,"Italy","Hadrianic",,,117.72,88.08,73.76,42.52,44.060057,12.575144,5
"imolaAmphitheater","Amphitheater at Imola","Imola","amphitheater",11914,"Italy","Imperial",,,108,81,67,40,44.353673,11.711992,53
"venosaAmphitheater","Amphitheater at Venosa","Venosa","amphitheater",10602,"Italy","Imperial",,,98,77,58,37,40.969693,15.826303,402
"teramoAmphitheater","Amphitheater at Teramo","Teramo","amphitheater",,"Italy","Imperial",,,73.93,56.16,,,42.658183,13.703278,273
"velleiaAmphitheater","Amphitheater at Velleia","Velleia","amphitheater",2901,"Italy","Julio-Claudian",,,54.85,44.1,37,25.5,44.785084,9.723475,476
"ordonaAmphitheater","Amphitheater at Ordona","Ordona","amphitheater",6318,"Italy","First Century",,,74.5,59.4,44.6,28.4,41.3105,15.6231,127
"bevanaAmphitheater","Amphitheater at Bevagna","Bevagna","amphitheater",6251,"Italy","Imperial",,,80,53,44,24,42.936903,12.615587,215
"minturnaeAmphitheater","Amphitheater at Minturno","Minturno","amphitheater",,"Italy","First Century",,,130,,,,41.241734,13.763859,10
"sinuessaAmphitheater","Amphitheater at Sinuessa","Sinuessa","amphitheater",,"Italy","Imperial",,,80,45,,,41.153584,13.846372,5
"aphrodisiasAmphitheater","Late Roman Amphitheater at Aphrodisas","Aphrodisias","amphitheater-in-stadium",,"Turkey","Fourth Century",,,,,59,30,37.712553,28.723061,526
"djerbaAmphitheater","Djerba Amphitheater","Djerba","amphitheater",,"Tunisia","Imperial",,,68,,,,33.685822,10.913907,1
"zagaroloLudus","Zagarolo Ludus","Zagarolo","practice-arena",,"Italy","Imperial",,,40,,,,41.858402,12.819255,1
"tusculumAmphitheater","Tusculum Amphitheater","Tusculum","amphitheater",4853,"Italy","Second Century",,,73,54,49,30,41.798372,12.702103,582
"forumNovumAmphitheater","Forum Novum Amphitheater","Forum Novum","amphitheater",,"Italy","First Century",,,,,45,25,42.329875,12.603363,137
"todiAmphitheater","Todi Amphitheater","Todi","amphitheater",,"Italy","Imperial",,,90,60,,,42.778653,12.413528,330
"terniAmphitheater","Terni Amphitheater","Terni","amphitheater",,"Italy","First Century",,,95,73,65,36,42.559785,12.64336,240
"spoletoAmphitheater","Spoleto Amphitheater","Spoleto","amphitheater",,"Italy","Imperial",,,115,85,,,42.738427,12.738992,327
"aquaeNeriAmphitheater","Aquae Neri Amphitheater","Aquae Neri","amphitheater",3926,"Italy",,,,70,50,50,30,46.289891,2.658224,489
"aurelumCommodianumAmphitheater","Aurelium Commodianum Amphitheater","Aurelium Commodianum","amphitheater",,"Tunisia","Second Century",,,65,55,,,36.527797,9.889218,205
"jebelMorabaAmphitheater","Jebel Moraba Amphitheater","Jebel Moraba","amphitheater",,"Tunisia",,,,,,,,36.597655,9.860836,311
"faleroneAmphitheater","Falerone Amphitheater","Falerone","amphitheater",,"Italy","Julio-Claudian",,,88.8,80,,,43.101106,13.495903,222
"fermoAmphitheater","Fermo Amphitheater","Fermo","amphitheater",,"Italy","Imperial",,,,,,,43.161433,13.718231,290
"frosinoneAmphitheater","Frosinone Amphitheater","Frosinone","amphitheater",,"Italy","Imperial",,,78,57,,,41.64507,13.353417,213
"ruggeAmphitheater","Rugge Amphitheater","Rugge","amphitheater",,"Italy","Imperial",,,83,66,,,40.334316,18.146729,38
"egnaziaAmphitheater","Egnazia Amphitheater","Egnazia","amphitheater",,"Italy","Third Century",,,,,,,40.887891,17.391188,2
"canosaAmphitheater","Canosa Amphitheater","Canosa","amphitheater",,"Italy","Imperial",,,138,106,,,41.221739,16.05603,81
"sipontoAmphitheater","Siponto Amphitheater","Siponto","amphitheater",,"Italy","Imperial",,,,,,,41.611536,15.888896,18
"chietiAmphitheater","Chieti Amphitheater","Chieti","amphitheater",,"Italy","Imperial",,,,,,,42.345021,14.16255,343
"teanoAmphitheater","Amphitheater at Teano","Teano","amphitheater",,"Italy","Republican",,,,,,,41.251661,14.065098,191
"henchirDuomaAmphitheater","Henchir Douama Amphitheater","Henchir Douama","amphitheater",,"Tunisia","Imperial",,,55,43,,,36.412511,9.085182,418
"ainToungaAmphitheater","Ain Tounga Amphitheater","Ain Tounga","amphitheater",3000,"Tunisia","Imperial",,,56,46,,,36.52782,9.361924,226
"aleriaAmphitheater","Aleria Amphitheater","Aleria","amphitheater",1200,"France","Imperial",,,39.6,34,,,42.100889,9.5102,41
"volterraAmphitheater","Volterra Amphitheater","Volterra","amphitheater",10000,"Italy","First Century",,,80,60,,,43.407162,10.862152,456
"vastoAmphitheater","Amphitheater at Vasto","Vasto","amphitheater",,"Italy","Imperial",,,,,,,42.111291,14.708095,150
"suasaAmphitheater","Amphitheater at Suasa","Suasa","amphitheater",,"Italy","Imperial",,,99,75,,,43.624682,12.986831,139
"pollenzoAmphitheater","Amphitheater at Pollenzo","Pollenzo","amphitheater",,"Italy","Imperial",,,,,,,44.684698,7.895993,200
"vercelliAmphitheater","Amphitheater at Vercelli","Vercelli","amphitheater",,"Italy","Imperial",,,,,,,45.319277,8.426863,126
"sanGiovanniAmphitheater","Amphitheater at San Giovanni in Carico","San Giovanni in Carico","amphitheater",,"Italy","Imperial",,,,,,,41.518993,13.552957,87
